plot,plot_type,dagger,mean_soil_temp,min_soil_temp,max_soil_temp,range_soil_temp,mean_surface_temp,min_surface_temp,max_surface_temp,range_surface_temp,mean_air_temp,min_air_temp,max_air_temp,range_air_temp,sd_soil_temp,sd_surface_temp,sd_air_temp,mean_soil_moisture,min_soil_moisture,max_soil_moisture,range_soil_moisture,sd_soil_moisture
4,mustard,m1,7.943559399,0.75,14.75,14,7.602981338,-3.4375,19.625,23.0625,8.016926491,-3.8125,19.125,22.9375,3.570470192,4.696236417,4.556678942,0.3676655,0.2193558,0.5538201,0.3344643,0.04962426
5,mustard,m2,7.939946518,0.875,14.5625,13.6875,7.740128584,-3.25,19.375,22.625,7.932350933,-4.1875,18.625,22.8125,3.49852141,4.5510444,4.528235895,0.3534658,0.2219663,0.4770371,0.2550708,0.04885578
6,mustard,m3,7.9032203,0.75,14.625,13.875,7.579398043,-3.375,19.3125,22.6875,8.074846381,-3.25,18.875,22.125,3.573093672,4.593963045,4.410643146,0.3505236,0.1683034,0.5092198,0.3409164,0.07515297
,,MEAN,7.928908739,0.791666667,14.64583333,13.85416667,7.640835988,-3.354166667,19.4375,22.79166667,8.008041268,-3.75,18.875,22.625,3.547361758,4.613747954,4.498519328,0.3572183,0.2032085,0.513359,0.3101505,0.05787767
